 ispLEVER Classic 2.0.00.17.20.15 Fitter Report File 
Project Name,lcam
Project Path,C:\Users\ASUSFX50J\Desktop\LineScanCamera\dataOutOfTime\source file\lcam_pld
Project Fitted on,Wed Jan 24 11:35:36 2018

Pin,Pin_Type,Bank,GLB_Pad,Assigned,I/O_Type,Signal_Type,Signal_Name
1,GND,-,,,,,
2,TDI,-,,,,,
3,I_O,0,C12,*,LVCMOS18,Output,SYNC
4,I_O,0,C10,*,LVCMOS18,Input,DREN
5,I_O,0,C6,*,LVCMOS18,Input,READ
6,I_O,0,C2,*,LVCMOS18,Output,Q13
7,GNDIO0,-,,,,,
8,I_O,0,D12,*,LVCMOS18,Output,Q12
9,I_O,0,D10,*,LVCMOS18,Output,Q11
10,I_O,0,D6,*,LVCMOS18,Output,Q10
11,I_O,0,D4,*,LVCMOS18,Output,Q9
12,IN0,0,,,,,
13,VCCIO0,-,,,,,
14,I_O,0,E4,*,LVCMOS18,Output,Q8
15,I_O,0,E6,*,LVCMOS18,Output,Q7
16,I_O,0,E10,*,LVCMOS18,Output,Q6
17,I_O,0,E12,*,LVCMOS18,Output,Q5
18,GNDIO0,-,,,,,
19,I_O,0,F2,*,LVCMOS18,Output,Q4
20,I_O,0,F6,*,LVCMOS18,Output,Q3
21,I_O,0,F10,*,LVCMOS18,Output,Q2
22,I_O,0,F12,,,,
23,IN1,0,,,,,
24,TCK,-,,,,,
25,VCC,-,,,,,
26,GND,-,,,,,
27,IN2,0,,,,,
28,I_O,0,G12,*,LVCMOS18,Output,Q14
29,I_O,0,G10,*,LVCMOS18,Output,Q15
30,I_O,0,G6,*,LVCMOS18,Output,Q1
31,I_O,0,G2,*,LVCMOS18,Output,Q0
32,GNDIO0,-,,,,,
33,VCCIO0,-,,,,,
34,I_O,0,H12,,,,
35,I_O,0,H10,,,,
36,I_O,0,H6,,,,
37,I_O,0,H2,,,,
38,INCLK1,0,,,,,
39,INCLK2,1,,,,,
40,VCC,-,,,,,
41,I_O,1,I2,,,,
42,I_O,1,I6,,,,
43,I_O,1,I10,,,,
44,I_O,1,I12,,,,
45,VCCIO1,-,,,,,
46,GNDIO1,-,,,,,
47,I_O,1,J2,,,,
48,I_O,1,J6,,,,
49,I_O,1,J10,,,,
50,I_O,1,J12,,,,
51,GND,-,,,,,
52,TMS,-,,,,,
53,I_O,1,K12,,,,
54,I_O,1,K10,,,,
55,I_O,1,K6,,,,
56,I_O,1,K2,,,,
57,GNDIO1,-,,,,,
58,I_O,1,L12,,,,
59,I_O,1,L10,,,,
60,I_O,1,L6,,,,
61,I_O,1,L4,,,,
62,IN3,1,,,,,
63,VCCIO1,-,,,,,
64,I_O,1,M4,,,,
65,I_O,1,M6,,,,
66,I_O,1,M10,,,,
67,I_O,1,M12,,,,
68,GNDIO1,-,,,,,
69,I_O,1,N2,,,,
70,I_O,1,N6,,,,
71,I_O,1,N10,,,,
72,I_O,1,N12,,,,
73,IN4,1,,,,,
74,TDO,-,,,,,
75,VCC,-,,,,,
76,GND,-,,,,,
77,IN5,1,,,,,
78,I_O,1,O12,,,,
79,I_O,1,O10,,,,
80,I_O,1,O6,*,LVCMOS18,Input,D7
81,I_O,1,O2,*,LVCMOS18,Input,D6
82,GNDIO1,-,,,,,
83,VCCIO1,-,,,,,
84,I_O,1,P12,*,LVCMOS18,Input,D5
85,I_O,1,P10,*,LVCMOS18,Input,D4
86,I_O,1,P6,*,LVCMOS18,Input,D3
87,I_O/OE,1,P2,,,,
88,INCLK3,1,,,,,
89,INCLK0,0,,*,LVCMOS18,Input,CLK
90,VCC,-,,,,,
91,I_O/OE,0,A2,,,,
92,I_O,0,A6,*,LVCMOS18,Input,D2
93,I_O,0,A10,*,LVCMOS18,Input,D1
94,I_O,0,A12,*,LVCMOS18,Input,D0
95,VCCIO0,-,,,,,
96,GNDIO0,-,,,,,
97,I_O,0,B2,,,,
98,I_O,0,B6,*,LVCMOS18,Output,CCD
99,I_O,0,B10,*,LVCMOS18,Output,SH
100,I_O,0,B12,*,LVCMOS18,Output,DRDY
